{
    "EN-WS-353-ALL.txt": {
        "not_found": 2,
        "spearmans_rho": 0.6963043551665589,
        "total_pairs": 353
    },
    "EN-WS-353-REL.txt": {
        "not_found": 1,
        "spearmans_rho": 0.6618426514795905,
        "total_pairs": 252
    },
    "EN-WS-353-SIM.txt": {
        "not_found": 1,
        "spearmans_rho": 0.7355169784009911,
        "total_pairs": 203
    },
    "mean_rho": 0.6978879950157135
}